feature,label
C:\ASL_Project\asl_training\features_normalized\YOU\15737752814991346-YOU.npy,YOU
C:\ASL_Project\asl_training\features_normalized\BAD\41399470555461226-BAD.npy,BAD
C:\ASL_Project\asl_training\features_normalized\YOU\6436088371555648-YOU.npy,YOU
C:\ASL_Project\asl_training\features_normalized\WHEN\08729017928642491-WHEN.npy,WHEN
C:\ASL_Project\asl_training\features_normalized\LOVE\9425795001825019-LOVE.npy,LOVE
C:\ASL_Project\asl_training\features_normalized\UNDERSTAND\7903893233633115-UNDERSTAND.npy,UNDERSTAND
C:\ASL_Project\asl_training\features_normalized\NAME\3644933452013184-NAME.npy,NAME
C:\ASL_Project\asl_training\features_normalized\LOVE\44419065960377635-LOVE.npy,LOVE
C:\ASL_Project\asl_training\features_normalized\WHY\576863051440268-WHY.npy,WHY
C:\ASL_Project\asl_training\features_normalized\WHY\9579391541087037-WHY.npy,WHY
C:\ASL_Project\asl_training\features_normalized\HELP\3347819641252294-HELP.npy,HELP
C:\ASL_Project\asl_training\features_normalized\START\43058639110125596-START.npy,START
C:\ASL_Project\asl_training\features_normalized\LESS\5786434095293957-LESS.npy,LESS
C:\ASL_Project\asl_training\features_normalized\HELLO\5339916560192981-HELLO.npy,HELLO
C:\ASL_Project\asl_training\features_normalized\WE\4544218531641271-WE.npy,WE
C:\ASL_Project\asl_training\features_normalized\LIKE\48852938778695965-LIKE.npy,LIKE
C:\ASL_Project\asl_training\features_normalized\HELLO\16501735528077632-HELLO.npy,HELLO
C:\ASL_Project\asl_training\features_normalized\THANK YOU\936211950052861-THANK YOU.npy,THANK YOU
C:\ASL_Project\asl_training\features_normalized\YOU\6229294436435182-YOU.npy,YOU
C:\ASL_Project\asl_training\features_normalized\HELP\15046472702938374-HELP.npy,HELP
C:\ASL_Project\asl_training\features_normalized\YOU\35038040842137197-YOU.npy,YOU
C:\ASL_Project\asl_training\features_normalized\UNDERSTAND\40550375821025386-UNDERSTAND.npy,UNDERSTAND
C:\ASL_Project\asl_training\features_normalized\MORE\9340539684203915-MORE.npy,MORE
C:\ASL_Project\asl_training\features_normalized\HELLO\9042145214602195-HELLO.npy,HELLO
C:\ASL_Project\asl_training\features_normalized\STOP\8893256597213444-STOP.npy,STOP
C:\ASL_Project\asl_training\features_normalized\SORRY\14951164356135682-SORRY.npy,SORRY
C:\ASL_Project\asl_training\features_normalized\YES\32941176670637984-YES.npy,YES
C:\ASL_Project\asl_training\features_normalized\LOVE\06306461164504529-LOVE.npy,LOVE
C:\ASL_Project\asl_training\features_normalized\LOVE\5578116007946967-LOVE.npy,LOVE
C:\ASL_Project\asl_training\features_normalized\PLEASE\6936039479099299-PLEASE.npy,PLEASE
C:\ASL_Project\asl_training\features_normalized\WHEN\7524645430552388-WHEN.npy,WHEN
C:\ASL_Project\asl_training\features_normalized\HELLO\16493550450776628-HELLO.npy,HELLO
C:\ASL_Project\asl_training\features_normalized\NO\7932042062420475-NO.npy,NO
C:\ASL_Project\asl_training\features_normalized\SORRY\46389552341659956-SORRY.npy,SORRY
C:\ASL_Project\asl_training\features_normalized\PLEASE\44272136216354463-PLEASE.npy,PLEASE
C:\ASL_Project\asl_training\features_normalized\THANK YOU\16870669316247833-THANK YOU.npy,THANK YOU
C:\ASL_Project\asl_training\features_normalized\YOU\5521129539800975-YOU.npy,YOU
C:\ASL_Project\asl_training\features_normalized\LIKE\2935343968735329-LIKE.npy,LIKE
C:\ASL_Project\asl_training\features_normalized\THANK YOU\6788237257016723-THANK YOU.npy,THANK YOU
C:\ASL_Project\asl_training\features_normalized\UNDERSTAND\6745834273988278-UNDERSTAND.npy,UNDERSTAND
C:\ASL_Project\asl_training\features_normalized\PLEASE\7328260605453549-PLEASE.npy,PLEASE
C:\ASL_Project\asl_training\features_normalized\LOVE\9377899064716586-LOVE.npy,LOVE
C:\ASL_Project\asl_training\features_normalized\SORRY\5199425437483545-SORRY.npy,SORRY
C:\ASL_Project\asl_training\features_normalized\LESS\12975955861028488-LESS.npy,LESS
C:\ASL_Project\asl_training\features_normalized\WHY\1861131167759893-WHY.npy,WHY
C:\ASL_Project\asl_training\features_normalized\WHY\38099175964004983-WHY.npy,WHY
C:\ASL_Project\asl_training\features_normalized\HELP\4206186890939383-HELP.npy,HELP
C:\ASL_Project\asl_training\features_normalized\BAD\8500068040222597-BAD.npy,BAD
C:\ASL_Project\asl_training\features_normalized\WHEN\9388978622277493-WHEN.npy,WHEN
C:\ASL_Project\asl_training\features_normalized\WHEN\15106441828646178-WHEN.npy,WHEN
C:\ASL_Project\asl_training\features_normalized\MORE\48891811825038345-MORE.npy,MORE
C:\ASL_Project\asl_training\features_normalized\START\8795618014543152-START.npy,START
C:\ASL_Project\asl_training\features_normalized\BAD\026903804811550636-BAD.npy,BAD
C:\ASL_Project\asl_training\features_normalized\STOP\5241068902608812-STOP.npy,STOP
C:\ASL_Project\asl_training\features_normalized\UNDERSTAND\4687993210650012-UNDERSTAND.npy,UNDERSTAND
C:\ASL_Project\asl_training\features_normalized\START\880391746148123-START.npy,START
C:\ASL_Project\asl_training\features_normalized\BAD\300065378201829-BAD.npy,BAD
C:\ASL_Project\asl_training\features_normalized\GOOD\6813680247909-GOOD.npy,GOOD
C:\ASL_Project\asl_training\features_normalized\YES\050364485120873326-YES.npy,YES
C:\ASL_Project\asl_training\features_normalized\START\3732575384926575-START.npy,START
C:\ASL_Project\asl_training\features_normalized\NO\9644130188424822-NO.npy,NO
C:\ASL_Project\asl_training\features_normalized\LESS\5607471755343187-LESS.npy,LESS
C:\ASL_Project\asl_training\features_normalized\WE\16945345648483068-WE.npy,WE
C:\ASL_Project\asl_training\features_normalized\LOVE\30016965472947743-LOVE.npy,LOVE
C:\ASL_Project\asl_training\features_normalized\SORRY\9645970507449169-SORRY.npy,SORRY
C:\ASL_Project\asl_training\features_normalized\NAME\5222576863044399-NAME.npy,NAME
C:\ASL_Project\asl_training\features_normalized\NAME\44454593042241-NAME.npy,NAME
C:\ASL_Project\asl_training\features_normalized\LESS\7172635775819549-LESS.npy,LESS
C:\ASL_Project\asl_training\features_normalized\MORE\7235081979386058-MORE.npy,MORE
C:\ASL_Project\asl_training\features_normalized\YOU\3273120364218567-YOU.npy,YOU
C:\ASL_Project\asl_training\features_normalized\THANK YOU\9701695309294336-THANK YOU.npy,THANK YOU
C:\ASL_Project\asl_training\features_normalized\SORRY\1636390875008531-SORRY.npy,SORRY
C:\ASL_Project\asl_training\features_normalized\YOU\5547769757240029-YOU.npy,YOU
C:\ASL_Project\asl_training\features_normalized\LOVE\544773713165329-LOVE.npy,LOVE
C:\ASL_Project\asl_training\features_normalized\YES\15498675309554577-YES.npy,YES
C:\ASL_Project\asl_training\features_normalized\LIKE\30651763223309914-LIKE.npy,LIKE
C:\ASL_Project\asl_training\features_normalized\STOP\680707762189654-STOP.npy,STOP
C:\ASL_Project\asl_training\features_normalized\WHY\30163868001403205-WHY.npy,WHY
C:\ASL_Project\asl_training\features_normalized\MORE\9000660794636397-MORE.npy,MORE
C:\ASL_Project\asl_training\features_normalized\NAME\68008701658875-NAME.npy,NAME
C:\ASL_Project\asl_training\features_normalized\GOOD\8618976665727696-GOOD.npy,GOOD
C:\ASL_Project\asl_training\features_normalized\LIKE\6108042704274992-LIKE.npy,LIKE
C:\ASL_Project\asl_training\features_normalized\YOU\01653635897919692-YOU.npy,YOU
C:\ASL_Project\asl_training\features_normalized\YES\9953610281521326-YES.npy,YES
C:\ASL_Project\asl_training\features_normalized\MORE\009299695590603507-MORE.npy,MORE
C:\ASL_Project\asl_training\features_normalized\BAD\27067652476321635-BAD.npy,BAD
C:\ASL_Project\asl_training\features_normalized\UNDERSTAND\8604241021179426-UNDERSTAND.npy,UNDERSTAND
C:\ASL_Project\asl_training\features_normalized\PLEASE\4096147054343935-PLEASE.npy,PLEASE
C:\ASL_Project\asl_training\features_normalized\HELP\23773456898680978-HELP.npy,HELP
C:\ASL_Project\asl_training\features_normalized\MORE\15807643698153884-MORE.npy,MORE
C:\ASL_Project\asl_training\features_normalized\WE\11801482805093366-WE.npy,WE
C:\ASL_Project\asl_training\features_normalized\SORRY\62778761952392-SORRY.npy,SORRY
C:\ASL_Project\asl_training\features_normalized\NAME\9200587270292702-NAME.npy,NAME
C:\ASL_Project\asl_training\features_normalized\WHY\6392085873567048-WHY.npy,WHY
C:\ASL_Project\asl_training\features_normalized\STOP\692674622436245-STOP.npy,STOP
C:\ASL_Project\asl_training\features_normalized\LIKE\8311673208101575-LIKE.npy,LIKE
C:\ASL_Project\asl_training\features_normalized\WHY\10953401131792706-WHY.npy,WHY
C:\ASL_Project\asl_training\features_normalized\LESS\08571801652268163-LESS.npy,LESS
C:\ASL_Project\asl_training\features_normalized\NAME\9031073980623976-NAME.npy,NAME
C:\ASL_Project\asl_training\features_normalized\START\7318461225950741-START.npy,START
C:\ASL_Project\asl_training\features_normalized\HELLO\8486809407942575-HELLO.npy,HELLO
C:\ASL_Project\asl_training\features_normalized\WHEN\19039558672419843-WHEN.npy,WHEN
C:\ASL_Project\asl_training\features_normalized\THANK YOU\014439537236845323-THANK YOU.npy,THANK YOU
C:\ASL_Project\asl_training\features_normalized\UNDERSTAND\6762437534373142-UNDERSTAND.npy,UNDERSTAND
C:\ASL_Project\asl_training\features_normalized\MORE\6030819884347467-MORE.npy,MORE
C:\ASL_Project\asl_training\features_normalized\BAD\5312089456577771-BAD.npy,BAD
C:\ASL_Project\asl_training\features_normalized\UNDERSTAND\6508787541133374-UNDERSTAND.npy,UNDERSTAND
C:\ASL_Project\asl_training\features_normalized\GOOD\5199177562877719-GOOD.npy,GOOD
C:\ASL_Project\asl_training\features_normalized\LIKE\3221250728567113-LIKE.npy,LIKE
C:\ASL_Project\asl_training\features_normalized\STOP\815577675920792-STOP.npy,STOP
C:\ASL_Project\asl_training\features_normalized\NO\2140134632834978-NO.npy,NO
C:\ASL_Project\asl_training\features_normalized\MORE\9858229995286099-MORE.npy,MORE
C:\ASL_Project\asl_training\features_normalized\HELP\7353034835882497-HELP.npy,HELP
C:\ASL_Project\asl_training\features_normalized\WHERE\7750734997528588-WHERE.npy,WHERE
C:\ASL_Project\asl_training\features_normalized\WHERE\9824526442836845-WHERE.npy,WHERE
C:\ASL_Project\asl_training\features_normalized\LESS\9690000210347673-LESS.npy,LESS
C:\ASL_Project\asl_training\features_normalized\GOOD\9338005039430839-GOOD.npy,GOOD
C:\ASL_Project\asl_training\features_normalized\YOU\19643383002170656-YOU.npy,YOU
C:\ASL_Project\asl_training\features_normalized\LIKE\7707078264255762-LIKE.npy,LIKE
C:\ASL_Project\asl_training\features_normalized\THANK YOU\6508465822424006-THANK YOU.npy,THANK YOU
C:\ASL_Project\asl_training\features_normalized\WHEN\4261844758894282-WHEN.npy,WHEN
C:\ASL_Project\asl_training\features_normalized\NAME\9125300798453833-NAME.npy,NAME
C:\ASL_Project\asl_training\features_normalized\HELLO\11225598264242453-HELLO.npy,HELLO
C:\ASL_Project\asl_training\features_normalized\UNDERSTAND\6810397598953175-UNDERSTAND.npy,UNDERSTAND
C:\ASL_Project\asl_training\features_normalized\STOP\12188061798454708-STOP.npy,STOP
C:\ASL_Project\asl_training\features_normalized\YOU\17987836792170242-YOU.npy,YOU
C:\ASL_Project\asl_training\features_normalized\WHERE\2868358953291379-WHERE.npy,WHERE
C:\ASL_Project\asl_training\features_normalized\SORRY\5157432639091493-SORRY.npy,SORRY
C:\ASL_Project\asl_training\features_normalized\GOOD\971622461215417-GOOD.npy,GOOD
C:\ASL_Project\asl_training\features_normalized\THANK YOU\6936836055005255-THANK YOU.npy,THANK YOU
C:\ASL_Project\asl_training\features_normalized\WE\7484839279145117-WE.npy,WE
C:\ASL_Project\asl_training\features_normalized\WHERE\7404223141679687-WHERE.npy,WHERE
C:\ASL_Project\asl_training\features_normalized\GOOD\5088051624336825-GOOD.npy,GOOD
C:\ASL_Project\asl_training\features_normalized\WHY\2565336440424879-WHY.npy,WHY
C:\ASL_Project\asl_training\features_normalized\LESS\17812491887762083-LESS.npy,LESS
C:\ASL_Project\asl_training\features_normalized\WHERE\5589002661440625-WHERE.npy,WHERE
C:\ASL_Project\asl_training\features_normalized\LOVE\8291491506273367-LOVE.npy,LOVE
C:\ASL_Project\asl_training\features_normalized\WHY\36979047566586587-WHY.npy,WHY
C:\ASL_Project\asl_training\features_normalized\UNDERSTAND\31049412762325446-UNDERSTAND.npy,UNDERSTAND
C:\ASL_Project\asl_training\features_normalized\LOVE\4841662498241295-LOVE.npy,LOVE
C:\ASL_Project\asl_training\features_normalized\WHY\3866568461228612-WHY.npy,WHY
C:\ASL_Project\asl_training\features_normalized\THANK YOU\7057474129672285-THANK YOU.npy,THANK YOU
C:\ASL_Project\asl_training\features_normalized\LIKE\6408927707140595-LIKE.npy,LIKE
C:\ASL_Project\asl_training\features_normalized\HELLO\7472491282176557-HELLO.npy,HELLO
C:\ASL_Project\asl_training\features_normalized\YES\541403296602635-YES.npy,YES
C:\ASL_Project\asl_training\features_normalized\THANK YOU\9962081495357855-THANK YOU.npy,THANK YOU
C:\ASL_Project\asl_training\features_normalized\LOVE\4194471454302029-LOVE.npy,LOVE
C:\ASL_Project\asl_training\features_normalized\WE\36753258402615074-WE.npy,WE
C:\ASL_Project\asl_training\features_normalized\UNDERSTAND\2374155228317818-UNDERSTAND.npy,UNDERSTAND
C:\ASL_Project\asl_training\features_normalized\LESS\818702114612541-LESS.npy,LESS
C:\ASL_Project\asl_training\features_normalized\BAD\25163871214803346-BAD.npy,BAD
C:\ASL_Project\asl_training\features_normalized\PLEASE\04515307711600891-PLEASE.npy,PLEASE
C:\ASL_Project\asl_training\features_normalized\STOP\16617331553945736-STOP.npy,STOP
C:\ASL_Project\asl_training\features_normalized\MORE\8398312100057683-MORE.npy,MORE
C:\ASL_Project\asl_training\features_normalized\HELLO\9008261925178431-HELLO.npy,HELLO
C:\ASL_Project\asl_training\features_normalized\NO\8079226457278508-NO.npy,NO
C:\ASL_Project\asl_training\features_normalized\NO\3247833356457248-NO.npy,NO
C:\ASL_Project\asl_training\features_normalized\LOVE\4243347380620037-LOVE.npy,LOVE
C:\ASL_Project\asl_training\features_normalized\WHERE\6471203705029369-WHERE.npy,WHERE
C:\ASL_Project\asl_training\features_normalized\YES\44146024789241256-YES.npy,YES
C:\ASL_Project\asl_training\features_normalized\LIKE\23961420213829476-LIKE.npy,LIKE
C:\ASL_Project\asl_training\features_normalized\MORE\9421448198356972-MORE.npy,MORE
C:\ASL_Project\asl_training\features_normalized\WHERE\32552115561898876-WHERE.npy,WHERE
C:\ASL_Project\asl_training\features_normalized\LIKE\9359906689689883-LIKE.npy,LIKE
C:\ASL_Project\asl_training\features_normalized\LESS\6075820262664089-LESS.npy,LESS
C:\ASL_Project\asl_training\features_normalized\THANK YOU\0912245735671211-THANK YOU.npy,THANK YOU
C:\ASL_Project\asl_training\features_normalized\BAD\4720037702546913-BAD.npy,BAD
C:\ASL_Project\asl_training\features_normalized\BAD\3763434553768781-BAD.npy,BAD
C:\ASL_Project\asl_training\features_normalized\SORRY\09933901999031058-SORRY.npy,SORRY
C:\ASL_Project\asl_training\features_normalized\YOU\9902995590504236-YOU.npy,YOU
C:\ASL_Project\asl_training\features_normalized\NAME\1420689770801613-NAME.npy,NAME
C:\ASL_Project\asl_training\features_normalized\WHERE\8969965061622676-WHERE.npy,WHERE
C:\ASL_Project\asl_training\features_normalized\LOVE\2631901034056372-LOVE.npy,LOVE
C:\ASL_Project\asl_training\features_normalized\YES\9782863224987515-YES.npy,YES
C:\ASL_Project\asl_training\features_normalized\STOP\4382853991304725-STOP.npy,STOP
C:\ASL_Project\asl_training\features_normalized\LIKE\754822541664977-LIKE.npy,LIKE
C:\ASL_Project\asl_training\features_normalized\UNDERSTAND\0497069696398067-UNDERSTAND.npy,UNDERSTAND
C:\ASL_Project\asl_training\features_normalized\WE\11313336559383713-WE.npy,WE
C:\ASL_Project\asl_training\features_normalized\SORRY\6387762756061144-SORRY.npy,SORRY
C:\ASL_Project\asl_training\features_normalized\STOP\07893366237759558-STOP.npy,STOP
C:\ASL_Project\asl_training\features_normalized\WE\6913451457780051-WE.npy,WE
C:\ASL_Project\asl_training\features_normalized\MORE\23625275644196408-MORE.npy,MORE
C:\ASL_Project\asl_training\features_normalized\NAME\4290157295522645-NAME.npy,NAME
C:\ASL_Project\asl_training\features_normalized\HELLO\1340650432799635-HELLO.npy,HELLO
C:\ASL_Project\asl_training\features_normalized\HELLO\25802117645943423-HELLO.npy,HELLO
C:\ASL_Project\asl_training\features_normalized\LESS\7473791011085458-LESS.npy,LESS
C:\ASL_Project\asl_training\features_normalized\HELP\12979829347320937-HELP.npy,HELP
C:\ASL_Project\asl_training\features_normalized\YOU\2775935043696396-YOU.npy,YOU
C:\ASL_Project\asl_training\features_normalized\WHY\48459131285186974-WHY.npy,WHY
C:\ASL_Project\asl_training\features_normalized\NO\8920807082520505-NO.npy,NO
C:\ASL_Project\asl_training\features_normalized\GOOD\18340714145664716-GOOD.npy,GOOD
C:\ASL_Project\asl_training\features_normalized\HELP\07603691172028904-HELP.npy,HELP
C:\ASL_Project\asl_training\features_normalized\UNDERSTAND\6504234134902995-UNDERSTAND.npy,UNDERSTAND
C:\ASL_Project\asl_training\features_normalized\UNDERSTAND\27832701315476815-UNDERSTAND.npy,UNDERSTAND
C:\ASL_Project\asl_training\features_normalized\BAD\24751730661041682-BAD.npy,BAD
C:\ASL_Project\asl_training\features_normalized\WHEN\6191553425770482-WHEN.npy,WHEN
C:\ASL_Project\asl_training\features_normalized\BAD\9701304221413551-BAD.npy,BAD
C:\ASL_Project\asl_training\features_normalized\GOOD\008087702450223277-GOOD.npy,GOOD
C:\ASL_Project\asl_training\features_normalized\STOP\35024304836544506-STOP.npy,STOP
C:\ASL_Project\asl_training\features_normalized\START\861933051770718-START.npy,START
C:\ASL_Project\asl_training\features_normalized\MORE\35438732511009685-MORE.npy,MORE
C:\ASL_Project\asl_training\features_normalized\START\9901180674407162-START.npy,START
C:\ASL_Project\asl_training\features_normalized\UNDERSTAND\6191415507296982-UNDERSTAND.npy,UNDERSTAND
C:\ASL_Project\asl_training\features_normalized\WHERE\3614350392614152-WHERE.npy,WHERE
C:\ASL_Project\asl_training\features_normalized\BAD\26378912740269156-BAD.npy,BAD
C:\ASL_Project\asl_training\features_normalized\PLEASE\9697873113607589-PLEASE.npy,PLEASE
C:\ASL_Project\asl_training\features_normalized\LESS\3766044578749139-LESS.npy,LESS
C:\ASL_Project\asl_training\features_normalized\START\037584338939091744-START.npy,START
C:\ASL_Project\asl_training\features_normalized\WHERE\41673665309194896-WHERE.npy,WHERE
C:\ASL_Project\asl_training\features_normalized\PLEASE\31545854783740124-PLEASE.npy,PLEASE
C:\ASL_Project\asl_training\features_normalized\PLEASE\49277089703101806-PLEASE.npy,PLEASE
C:\ASL_Project\asl_training\features_normalized\HELLO\081380748015633-HELLO.npy,HELLO
C:\ASL_Project\asl_training\features_normalized\UNDERSTAND\40156343723600907-UNDERSTAND.npy,UNDERSTAND
C:\ASL_Project\asl_training\features_normalized\LIKE\5534005644089397-LIKE.npy,LIKE
C:\ASL_Project\asl_training\features_normalized\WHY\7308465390923164-WHY.npy,WHY
C:\ASL_Project\asl_training\features_normalized\WE\14563849425095032-WE.npy,WE
C:\ASL_Project\asl_training\features_normalized\UNDERSTAND\6593382490905721-UNDERSTAND.npy,UNDERSTAND
C:\ASL_Project\asl_training\features_normalized\LESS\3974339076715794-LESS.npy,LESS
C:\ASL_Project\asl_training\features_normalized\WE\4810638311866906-WE.npy,WE
C:\ASL_Project\asl_training\features_normalized\YOU\03323585576449206-YOU.npy,YOU
C:\ASL_Project\asl_training\features_normalized\WHERE\3227845753007452-WHERE.npy,WHERE
C:\ASL_Project\asl_training\features_normalized\SORRY\1812960858393966-SORRY.npy,SORRY
C:\ASL_Project\asl_training\features_normalized\WE\6478160544982563-WE.npy,WE
C:\ASL_Project\asl_training\features_normalized\LIKE\8273164081850686-LIKE.npy,LIKE
C:\ASL_Project\asl_training\features_normalized\NO\9979731168048327-NO.npy,NO
C:\ASL_Project\asl_training\features_normalized\SORRY\9220637121525757-SORRY.npy,SORRY
C:\ASL_Project\asl_training\features_normalized\LIKE\8042345903835753-LIKE.npy,LIKE
C:\ASL_Project\asl_training\features_normalized\HELLO\7076961883712545-HELLO.npy,HELLO
C:\ASL_Project\asl_training\features_normalized\GOOD\9521412407799632-GOOD.npy,GOOD
C:\ASL_Project\asl_training\features_normalized\WHERE\6997365376367899-WHERE.npy,WHERE
C:\ASL_Project\asl_training\features_normalized\YES\09905526235759088-YES.npy,YES
C:\ASL_Project\asl_training\features_normalized\START\2730441796872136-START.npy,START
C:\ASL_Project\asl_training\features_normalized\NAME\7743830371689544-NAME.npy,NAME
C:\ASL_Project\asl_training\features_normalized\WHEN\782941320203238-WHEN.npy,WHEN
C:\ASL_Project\asl_training\features_normalized\NO\7973429116215278-NO.npy,NO
C:\ASL_Project\asl_training\features_normalized\GOOD\1636907769941489-GOOD.npy,GOOD
C:\ASL_Project\asl_training\features_normalized\WE\5641210498834153-WE.npy,WE
C:\ASL_Project\asl_training\features_normalized\MORE\19756865098292908-MORE.npy,MORE
C:\ASL_Project\asl_training\features_normalized\PLEASE\5042323343464843-PLEASE.npy,PLEASE
C:\ASL_Project\asl_training\features_normalized\THANK YOU\0006320057552187119-THANK YOU.npy,THANK YOU
C:\ASL_Project\asl_training\features_normalized\LESS\2286569439935593-LESS.npy,LESS
C:\ASL_Project\asl_training\features_normalized\NO\4656606080155459-NO.npy,NO
C:\ASL_Project\asl_training\features_normalized\LIKE\9890231765881607-LIKE.npy,LIKE
C:\ASL_Project\asl_training\features_normalized\MORE\8116309886717166-MORE.npy,MORE
C:\ASL_Project\asl_training\features_normalized\PLEASE\5305284657006966-PLEASE.npy,PLEASE
C:\ASL_Project\asl_training\features_normalized\WHEN\38702561454738094-WHEN.npy,WHEN
C:\ASL_Project\asl_training\features_normalized\BAD\34169036359301463-BAD.npy,BAD
C:\ASL_Project\asl_training\features_normalized\NO\2732741727030885-NO.npy,NO
C:\ASL_Project\asl_training\features_normalized\PLEASE\18053723532999788-PLEASE.npy,PLEASE
C:\ASL_Project\asl_training\features_normalized\YOU\4615046990058205-YOU.npy,YOU
C:\ASL_Project\asl_training\features_normalized\NAME\721473614329061-NAME.npy,NAME
C:\ASL_Project\asl_training\features_normalized\PLEASE\05859480723249688-PLEASE.npy,PLEASE
C:\ASL_Project\asl_training\features_normalized\PLEASE\9960146118001314-PLEASE.npy,PLEASE
C:\ASL_Project\asl_training\features_normalized\WHERE\37275461912744046-WHERE.npy,WHERE
C:\ASL_Project\asl_training\features_normalized\NO\5082858473744953-NO.npy,NO
C:\ASL_Project\asl_training\features_normalized\YES\8699610978899361-YES.npy,YES
C:\ASL_Project\asl_training\features_normalized\WHY\17485211510665932-WHY.npy,WHY
C:\ASL_Project\asl_training\features_normalized\GOOD\27179636245697747-GOOD.npy,GOOD
C:\ASL_Project\asl_training\features_normalized\HELP\9165653074606479-HELP.npy,HELP
C:\ASL_Project\asl_training\features_normalized\WHEN\21722735480722832-WHEN.npy,WHEN
C:\ASL_Project\asl_training\features_normalized\SORRY\2413023602974027-SORRY.npy,SORRY
C:\ASL_Project\asl_training\features_normalized\WHEN\3058784544642419-WHEN.npy,WHEN
C:\ASL_Project\asl_training\features_normalized\HELP\8646796456836814-HELP.npy,HELP
C:\ASL_Project\asl_training\features_normalized\WHERE\12174913678763644-WHERE.npy,WHERE
C:\ASL_Project\asl_training\features_normalized\UNDERSTAND\030959011181703078-UNDERSTAND.npy,UNDERSTAND
C:\ASL_Project\asl_training\features_normalized\NAME\45143019985078214-NAME.npy,NAME
C:\ASL_Project\asl_training\features_normalized\WHEN\8687294124175742-WHEN.npy,WHEN
C:\ASL_Project\asl_training\features_normalized\WHEN\05635557714446593-WHEN.npy,WHEN
C:\ASL_Project\asl_training\features_normalized\NAME\9851992475740963-NAME.npy,NAME
C:\ASL_Project\asl_training\features_normalized\WHERE\17354191997018575-WHERE.npy,WHERE
C:\ASL_Project\asl_training\features_normalized\NO\5278795760893484-NO.npy,NO
C:\ASL_Project\asl_training\features_normalized\THANK YOU\6912280773625425-THANK YOU.npy,THANK YOU
C:\ASL_Project\asl_training\features_normalized\WE\17534725959416075-WE.npy,WE
C:\ASL_Project\asl_training\features_normalized\NAME\13831972157907857-NAME.npy,NAME
C:\ASL_Project\asl_training\features_normalized\LESS\42298974601594974-LESS.npy,LESS
C:\ASL_Project\asl_training\features_normalized\YOU\39734251970462897-YOU.npy,YOU
C:\ASL_Project\asl_training\features_normalized\WHY\5584013314005547-WHY.npy,WHY
C:\ASL_Project\asl_training\features_normalized\YES\38970444942928073-YES.npy,YES
C:\ASL_Project\asl_training\features_normalized\HELP\7616988400005291-HELP.npy,HELP
C:\ASL_Project\asl_training\features_normalized\GOOD\7988103105967095-GOOD.npy,GOOD
C:\ASL_Project\asl_training\features_normalized\UNDERSTAND\8071758688201891-UNDERSTAND.npy,UNDERSTAND
C:\ASL_Project\asl_training\features_normalized\HELLO\8364377695946923-HELLO.npy,HELLO
C:\ASL_Project\asl_training\features_normalized\HELLO\1789715889624135-HELLO.npy,HELLO
C:\ASL_Project\asl_training\features_normalized\STOP\9586306157625994-STOP.npy,STOP
C:\ASL_Project\asl_training\features_normalized\WHEN\5845121089874201-WHEN.npy,WHEN
C:\ASL_Project\asl_training\features_normalized\LESS\2913694485470084-LESS.npy,LESS
C:\ASL_Project\asl_training\features_normalized\STOP\6864058804402533-STOP.npy,STOP
C:\ASL_Project\asl_training\features_normalized\GOOD\5817237493367622-GOOD.npy,GOOD
C:\ASL_Project\asl_training\features_normalized\YES\9605571410103191-YES.npy,YES
C:\ASL_Project\asl_training\features_normalized\HELP\4382571867616978-HELP.npy,HELP
C:\ASL_Project\asl_training\features_normalized\WHY\9178007741963472-WHY.npy,WHY
C:\ASL_Project\asl_training\features_normalized\WHY\015395985479345287-WHY.npy,WHY
C:\ASL_Project\asl_training\features_normalized\BAD\1583686602856138-BAD.npy,BAD
C:\ASL_Project\asl_training\features_normalized\UNDERSTAND\1376861841044581-UNDERSTAND.npy,UNDERSTAND
C:\ASL_Project\asl_training\features_normalized\STOP\564285386999722-STOP.npy,STOP
C:\ASL_Project\asl_training\features_normalized\WE\6062829066450051-WE.npy,WE
C:\ASL_Project\asl_training\features_normalized\YOU\7590157290604365-YOU.npy,YOU
C:\ASL_Project\asl_training\features_normalized\PLEASE\8835822739071177-PLEASE.npy,PLEASE
C:\ASL_Project\asl_training\features_normalized\LOVE\20482432773002457-LOVE.npy,LOVE
C:\ASL_Project\asl_training\features_normalized\WHY\6217493782065597-WHY.npy,WHY
C:\ASL_Project\asl_training\features_normalized\HELLO\020030442376253177-HELLO.npy,HELLO
C:\ASL_Project\asl_training\features_normalized\WE\9125917375808354-WE.npy,WE
C:\ASL_Project\asl_training\features_normalized\PLEASE\43778843855311433-PLEASE.npy,PLEASE
C:\ASL_Project\asl_training\features_normalized\WHEN\30761677377292984-WHEN.npy,WHEN
C:\ASL_Project\asl_training\features_normalized\LOVE\3826611907286055-LOVE.npy,LOVE
C:\ASL_Project\asl_training\features_normalized\HELP\6037747479203328-HELP.npy,HELP
C:\ASL_Project\asl_training\features_normalized\NO\5372668319999747-NO.npy,NO
C:\ASL_Project\asl_training\features_normalized\LOVE\44744498444419367-LOVE.npy,LOVE
C:\ASL_Project\asl_training\features_normalized\WHY\41986547104124017-WHY.npy,WHY
C:\ASL_Project\asl_training\features_normalized\HELP\5726113697968809-HELP.npy,HELP
C:\ASL_Project\asl_training\features_normalized\GOOD\04439224802145447-GOOD.npy,GOOD
C:\ASL_Project\asl_training\features_normalized\START\8898769288524875-START.npy,START
C:\ASL_Project\asl_training\features_normalized\HELLO\7613696736100914-HELLO.npy,HELLO
C:\ASL_Project\asl_training\features_normalized\THANK YOU\021145910536055412-THANK YOU.npy,THANK YOU
C:\ASL_Project\asl_training\features_normalized\WHEN\6225121332593893-WHEN.npy,WHEN
C:\ASL_Project\asl_training\features_normalized\HELLO\7648996670040624-HELLO.npy,HELLO
C:\ASL_Project\asl_training\features_normalized\GOOD\7085041042230886-GOOD.npy,GOOD
C:\ASL_Project\asl_training\features_normalized\WE\193766215011427-WE.npy,WE
C:\ASL_Project\asl_training\features_normalized\WHEN\5215592040153327-WHEN.npy,WHEN
C:\ASL_Project\asl_training\features_normalized\THANK YOU\8487114823108493-THANK YOU.npy,THANK YOU
C:\ASL_Project\asl_training\features_normalized\HELLO\3283413810240037-HELLO.npy,HELLO
C:\ASL_Project\asl_training\features_normalized\WE\16994877911771145-WE.npy,WE
C:\ASL_Project\asl_training\features_normalized\YES\5327840336837257-YES.npy,YES
C:\ASL_Project\asl_training\features_normalized\HELP\5574926687456125-HELP.npy,HELP
C:\ASL_Project\asl_training\features_normalized\THANK YOU\39425766670939555-THANK YOU.npy,THANK YOU
C:\ASL_Project\asl_training\features_normalized\PLEASE\4782730717831809-PLEASE.npy,PLEASE
C:\ASL_Project\asl_training\features_normalized\WHY\6220173213417262-WHY.npy,WHY
C:\ASL_Project\asl_training\features_normalized\YES\7442618628569746-YES.npy,YES
C:\ASL_Project\asl_training\features_normalized\YES\1555998439795525-YES.npy,YES
C:\ASL_Project\asl_training\features_normalized\NAME\5949494391929417-NAME.npy,NAME
C:\ASL_Project\asl_training\features_normalized\NO\08228267952066615-NO.npy,NO
C:\ASL_Project\asl_training\features_normalized\MORE\033095312435714064-MORE.npy,MORE
C:\ASL_Project\asl_training\features_normalized\LOVE\0430014058082695-LOVE.npy,LOVE
C:\ASL_Project\asl_training\features_normalized\NAME\45850991964011034-NAME.npy,NAME
C:\ASL_Project\asl_training\features_normalized\NAME\7157719195212653-NAME.npy,NAME
C:\ASL_Project\asl_training\features_normalized\MORE\813443212118808-MORE.npy,MORE
C:\ASL_Project\asl_training\features_normalized\YES\9092689562509508-YES.npy,YES
C:\ASL_Project\asl_training\features_normalized\WHY\15735328773357837-WHY.npy,WHY
C:\ASL_Project\asl_training\features_normalized\NAME\418905208580302-NAME.npy,NAME
C:\ASL_Project\asl_training\features_normalized\LOVE\6414476924051264-LOVE.npy,LOVE
C:\ASL_Project\asl_training\features_normalized\THANK YOU\034197610787212396-THANK YOU.npy,THANK YOU
C:\ASL_Project\asl_training\features_normalized\SORRY\7965960158855614-SORRY.npy,SORRY
C:\ASL_Project\asl_training\features_normalized\PLEASE\3584447878251358-PLEASE.npy,PLEASE
C:\ASL_Project\asl_training\features_normalized\GOOD\04311614622944249-GOOD.npy,GOOD
C:\ASL_Project\asl_training\features_normalized\MORE\8385294089384643-MORE.npy,MORE
C:\ASL_Project\asl_training\features_normalized\SORRY\6724466474942836-SORRY.npy,SORRY
C:\ASL_Project\asl_training\features_normalized\PLEASE\6330094542104612-PLEASE.npy,PLEASE
C:\ASL_Project\asl_training\features_normalized\WHEN\06593189811311206-WHEN.npy,WHEN
C:\ASL_Project\asl_training\features_normalized\START\39098476735830334-START.npy,START
C:\ASL_Project\asl_training\features_normalized\WHERE\03717365663139738-WHERE.npy,WHERE
C:\ASL_Project\asl_training\features_normalized\STOP\6679488064816475-STOP.npy,STOP
C:\ASL_Project\asl_training\features_normalized\HELP\8534077485600235-HELP.npy,HELP
C:\ASL_Project\asl_training\features_normalized\NO\6137110171725737-NO.npy,NO
C:\ASL_Project\asl_training\features_normalized\LIKE\5814218831348728-LIKE.npy,LIKE
C:\ASL_Project\asl_training\features_normalized\PLEASE\6400788027798874-PLEASE.npy,PLEASE
C:\ASL_Project\asl_training\features_normalized\SORRY\5865603235099206-SORRY.npy,SORRY
C:\ASL_Project\asl_training\features_normalized\YES\029563612799205163-YES.npy,YES
C:\ASL_Project\asl_training\features_normalized\HELLO\7027473793210652-HELLO.npy,HELLO
C:\ASL_Project\asl_training\features_normalized\PLEASE\42961246858695024-PLEASE.npy,PLEASE
C:\ASL_Project\asl_training\features_normalized\BAD\9739528719901436-BAD.npy,BAD
C:\ASL_Project\asl_training\features_normalized\GOOD\22413626372355933-GOOD.npy,GOOD
C:\ASL_Project\asl_training\features_normalized\HELP\7816987530892228-HELP.npy,HELP
C:\ASL_Project\asl_training\features_normalized\WHEN\48576039738055954-WHEN.npy,WHEN
C:\ASL_Project\asl_training\features_normalized\BAD\019466731254031755-BAD.npy,BAD
C:\ASL_Project\asl_training\features_normalized\HELP\3000270038189985-HELP.npy,HELP
C:\ASL_Project\asl_training\features_normalized\YOU\298155207775465-YOU.npy,YOU
C:\ASL_Project\asl_training\features_normalized\STOP\1461467422069449-STOP.npy,STOP
C:\ASL_Project\asl_training\features_normalized\STOP\21416838482074008-STOP.npy,STOP
C:\ASL_Project\asl_training\features_normalized\YES\15689453699180178-YES.npy,YES
C:\ASL_Project\asl_training\features_normalized\HELLO\0022932153577568393-HELLO.npy,HELLO
C:\ASL_Project\asl_training\features_normalized\STOP\5495256812953944-STOP.npy,STOP
C:\ASL_Project\asl_training\features_normalized\LESS\025934577509988177-LESS.npy,LESS
C:\ASL_Project\asl_training\features_normalized\STOP\21963390619756917-STOP.npy,STOP
C:\ASL_Project\asl_training\features_normalized\WHERE\5194308575650113-WHERE.npy,WHERE
C:\ASL_Project\asl_training\features_normalized\MORE\8341336597329694-MORE.npy,MORE
C:\ASL_Project\asl_training\features_normalized\BAD\09145990846220031-BAD.npy,BAD
C:\ASL_Project\asl_training\features_normalized\MORE\7168321371853796-MORE.npy,MORE
C:\ASL_Project\asl_training\features_normalized\NAME\5230881244500567-NAME.npy,NAME
C:\ASL_Project\asl_training\features_normalized\WE\5516631277912989-WE.npy,WE
C:\ASL_Project\asl_training\features_normalized\UNDERSTAND\5169212541197368-UNDERSTAND.npy,UNDERSTAND
C:\ASL_Project\asl_training\features_normalized\WHY\5132756077874947-WHY.npy,WHY
C:\ASL_Project\asl_training\features_normalized\WE\5346957049353451-WE.npy,WE
C:\ASL_Project\asl_training\features_normalized\WHEN\6328147846440941-WHEN.npy,WHEN
C:\ASL_Project\asl_training\features_normalized\START\4265612639832259-START.npy,START
C:\ASL_Project\asl_training\features_normalized\NAME\07550237967516482-NAME.npy,NAME
C:\ASL_Project\asl_training\features_normalized\WE\6257769266405475-WE.npy,WE
C:\ASL_Project\asl_training\features_normalized\YOU\677386009297865-YOU.npy,YOU
C:\ASL_Project\asl_training\features_normalized\STOP\787967286498557-STOP.npy,STOP
C:\ASL_Project\asl_training\features_normalized\NAME\20739960328931106-NAME.npy,NAME
C:\ASL_Project\asl_training\features_normalized\PLEASE\9004431867747704-PLEASE.npy,PLEASE
C:\ASL_Project\asl_training\features_normalized\NO\8323715285073319-NO.npy,NO
C:\ASL_Project\asl_training\features_normalized\THANK YOU\15769775934939156-THANK YOU.npy,THANK YOU
C:\ASL_Project\asl_training\features_normalized\WHEN\5795834263184414-WHEN.npy,WHEN
C:\ASL_Project\asl_training\features_normalized\YOU\2585581282288061-YOU.npy,YOU
C:\ASL_Project\asl_training\features_normalized\YES\9715589334909431-YES.npy,YES
C:\ASL_Project\asl_training\features_normalized\WHY\8351529407222296-WHY.npy,WHY
C:\ASL_Project\asl_training\features_normalized\STOP\7606933944529259-STOP.npy,STOP
C:\ASL_Project\asl_training\features_normalized\YES\8977694836593926-YES.npy,YES
C:\ASL_Project\asl_training\features_normalized\NO\5309657970849855-NO.npy,NO
C:\ASL_Project\asl_training\features_normalized\SORRY\8989337086309281-SORRY.npy,SORRY
C:\ASL_Project\asl_training\features_normalized\WHERE\19532533865671398-WHERE.npy,WHERE
C:\ASL_Project\asl_training\features_normalized\NO\6645554412949413-NO.npy,NO
C:\ASL_Project\asl_training\features_normalized\WHY\32965084799922706-WHY.npy,WHY
C:\ASL_Project\asl_training\features_normalized\NO\7525332129995586-NO.npy,NO
C:\ASL_Project\asl_training\features_normalized\LESS\2110666143402815-LESS.npy,LESS
C:\ASL_Project\asl_training\features_normalized\SORRY\15179467641851585-SORRY.npy,SORRY
C:\ASL_Project\asl_training\features_normalized\WHERE\9957868929062672-WHERE.npy,WHERE
C:\ASL_Project\asl_training\features_normalized\WHY\7508574803030745-WHY.npy,WHY
C:\ASL_Project\asl_training\features_normalized\YES\16728596536749274-YES.npy,YES
C:\ASL_Project\asl_training\features_normalized\SORRY\29761682879368934-SORRY.npy,SORRY
C:\ASL_Project\asl_training\features_normalized\STOP\19109474570600948-STOP.npy,STOP
C:\ASL_Project\asl_training\features_normalized\YES\7199140986089654-YES.npy,YES
C:\ASL_Project\asl_training\features_normalized\START\27723416720074834-START.npy,START
C:\ASL_Project\asl_training\features_normalized\LOVE\13717057044445125-LOVE.npy,LOVE
C:\ASL_Project\asl_training\features_normalized\WHEN\16115032785858263-WHEN.npy,WHEN
C:\ASL_Project\asl_training\features_normalized\UNDERSTAND\5190569218964376-UNDERSTAND.npy,UNDERSTAND
C:\ASL_Project\asl_training\features_normalized\NO\7931075492698656-NO.npy,NO
C:\ASL_Project\asl_training\features_normalized\START\09899721690579599-START.npy,START
C:\ASL_Project\asl_training\features_normalized\NO\5328649685588343-NO.npy,NO
C:\ASL_Project\asl_training\features_normalized\UNDERSTAND\6424637597161564-UNDERSTAND.npy,UNDERSTAND
C:\ASL_Project\asl_training\features_normalized\BAD\5971513744254144-BAD.npy,BAD
C:\ASL_Project\asl_training\features_normalized\GOOD\25290749191933815-GOOD.npy,GOOD
C:\ASL_Project\asl_training\features_normalized\WHEN\01798723214383169-WHEN.npy,WHEN
C:\ASL_Project\asl_training\features_normalized\START\6036512594628762-START.npy,START
C:\ASL_Project\asl_training\features_normalized\THANK YOU\09460259361998125-THANK YOU.npy,THANK YOU
C:\ASL_Project\asl_training\features_normalized\UNDERSTAND\9663239092789866-UNDERSTAND.npy,UNDERSTAND
C:\ASL_Project\asl_training\features_normalized\SORRY\7662883760067802-SORRY.npy,SORRY
C:\ASL_Project\asl_training\features_normalized\WHY\7885296477376487-WHY.npy,WHY
C:\ASL_Project\asl_training\features_normalized\WHERE\34697989347891944-WHERE.npy,WHERE
C:\ASL_Project\asl_training\features_normalized\START\3528429322583728-START.npy,START
C:\ASL_Project\asl_training\features_normalized\NAME\6398020473925876-NAME.npy,NAME
C:\ASL_Project\asl_training\features_normalized\WHERE\9084539059220444-WHERE.npy,WHERE
C:\ASL_Project\asl_training\features_normalized\WE\274934874875824-WE.npy,WE
C:\ASL_Project\asl_training\features_normalized\PLEASE\8449958018804076-PLEASE.npy,PLEASE
C:\ASL_Project\asl_training\features_normalized\MORE\6684303463308252-MORE.npy,MORE
C:\ASL_Project\asl_training\features_normalized\THANK YOU\274897834577152-THANK YOU.npy,THANK YOU
C:\ASL_Project\asl_training\features_normalized\WE\8906582989498535-WE.npy,WE
C:\ASL_Project\asl_training\features_normalized\STOP\49400025068696496-STOP.npy,STOP
C:\ASL_Project\asl_training\features_normalized\NO\9542027365188674-NO.npy,NO
C:\ASL_Project\asl_training\features_normalized\YOU\08882787638193945-YOU.npy,YOU
C:\ASL_Project\asl_training\features_normalized\LOVE\285782838453037-LOVE.npy,LOVE
C:\ASL_Project\asl_training\features_normalized\WE\9375717470846778-WE.npy,WE
C:\ASL_Project\asl_training\features_normalized\LIKE\14992936899376108-LIKE.npy,LIKE
C:\ASL_Project\asl_training\features_normalized\YOU\6198968659630029-YOU.npy,YOU
C:\ASL_Project\asl_training\features_normalized\MORE\05959007956304285-MORE.npy,MORE
C:\ASL_Project\asl_training\features_normalized\MORE\013724247293201763-MORE.npy,MORE
C:\ASL_Project\asl_training\features_normalized\NAME\5439490417710435-NAME.npy,NAME
C:\ASL_Project\asl_training\features_normalized\START\9284158991408038-START.npy,START
C:\ASL_Project\asl_training\features_normalized\SORRY\9287154847825414-SORRY.npy,SORRY
C:\ASL_Project\asl_training\features_normalized\START\4303906374123354-START.npy,START
C:\ASL_Project\asl_training\features_normalized\LOVE\9533808785286948-LOVE.npy,LOVE
C:\ASL_Project\asl_training\features_normalized\THANK YOU\4624064779710624-THANK YOU.npy,THANK YOU
C:\ASL_Project\asl_training\features_normalized\BAD\16659435197682293-BAD.npy,BAD
C:\ASL_Project\asl_training\features_normalized\LESS\3092158568977723-LESS.npy,LESS
C:\ASL_Project\asl_training\features_normalized\LESS\06835081820948452-LESS.npy,LESS
C:\ASL_Project\asl_training\features_normalized\HELP\8218136220855874-HELP.npy,HELP
C:\ASL_Project\asl_training\features_normalized\UNDERSTAND\2999107393441156-UNDERSTAND.npy,UNDERSTAND
C:\ASL_Project\asl_training\features_normalized\HELP\9203747770494983-HELP.npy,HELP
C:\ASL_Project\asl_training\features_normalized\HELP\3982436455452034-HELP.npy,HELP
C:\ASL_Project\asl_training\features_normalized\WHERE\7968041209479837-WHERE.npy,WHERE
C:\ASL_Project\asl_training\features_normalized\WHERE\4223618248504115-WHERE.npy,WHERE
C:\ASL_Project\asl_training\features_normalized\STOP\38330302294288865-STOP.npy,STOP
C:\ASL_Project\asl_training\features_normalized\BAD\2507302256262631-BAD.npy,BAD
C:\ASL_Project\asl_training\features_normalized\LIKE\030195387372940363-LIKE.npy,LIKE
C:\ASL_Project\asl_training\features_normalized\BAD\7628262965013866-BAD.npy,BAD
C:\ASL_Project\asl_training\features_normalized\LIKE\4726973530309644-LIKE.npy,LIKE
C:\ASL_Project\asl_training\features_normalized\WE\8865858542977822-WE.npy,WE
C:\ASL_Project\asl_training\features_normalized\THANK YOU\16270426237316316-THANK YOU.npy,THANK YOU
C:\ASL_Project\asl_training\features_normalized\GOOD\9687874710872124-GOOD.npy,GOOD
C:\ASL_Project\asl_training\features_normalized\START\801970867640186-START.npy,START
C:\ASL_Project\asl_training\features_normalized\HELLO\8841964348021558-HELLO.npy,HELLO
C:\ASL_Project\asl_training\features_normalized\START\959479246086911-START.npy,START
C:\ASL_Project\asl_training\features_normalized\YOU\4091388061019394-YOU.npy,YOU
C:\ASL_Project\asl_training\features_normalized\HELP\5043430847938863-HELP.npy,HELP
C:\ASL_Project\asl_training\features_normalized\LIKE\06793339114876251-LIKE.npy,LIKE
C:\ASL_Project\asl_training\features_normalized\YOU\7807683495721192-YOU.npy,YOU
C:\ASL_Project\asl_training\features_normalized\BAD\9411549614200669-BAD.npy,BAD
C:\ASL_Project\asl_training\features_normalized\HELP\032534532433647456-HELP.npy,HELP
C:\ASL_Project\asl_training\features_normalized\HELLO\9203138462369036-HELLO.npy,HELLO
C:\ASL_Project\asl_training\features_normalized\LESS\054512253332980265-LESS.npy,LESS
C:\ASL_Project\asl_training\features_normalized\GOOD\6983847344301657-GOOD.npy,GOOD
C:\ASL_Project\asl_training\features_normalized\YES\41279108584600577-YES.npy,YES
C:\ASL_Project\asl_training\features_normalized\PLEASE\583219774394824-PLEASE.npy,PLEASE
C:\ASL_Project\asl_training\features_normalized\THANK YOU\35156313213734314-THANK YOU.npy,THANK YOU
C:\ASL_Project\asl_training\features_normalized\LOVE\5046064121660587-LOVE.npy,LOVE
C:\ASL_Project\asl_training\features_normalized\START\18446305030701837-START.npy,START
C:\ASL_Project\asl_training\features_normalized\NAME\38747687874121217-NAME.npy,NAME
C:\ASL_Project\asl_training\features_normalized\NAME\7680995774148371-NAME.npy,NAME
C:\ASL_Project\asl_training\features_normalized\HELP\6967335705063062-HELP.npy,HELP
C:\ASL_Project\asl_training\features_normalized\LIKE\05351672702445809-LIKE.npy,LIKE
C:\ASL_Project\asl_training\features_normalized\GOOD\5948912677856568-GOOD.npy,GOOD
C:\ASL_Project\asl_training\features_normalized\SORRY\675487631009581-SORRY.npy,SORRY
C:\ASL_Project\asl_training\features_normalized\MORE\6785155090626982-MORE.npy,MORE
C:\ASL_Project\asl_training\features_normalized\START\8601200936840461-START.npy,START
C:\ASL_Project\asl_training\features_normalized\STOP\08870380386555654-STOP.npy,STOP
C:\ASL_Project\asl_training\features_normalized\WE\2541378389097124-WE.npy,WE
C:\ASL_Project\asl_training\features_normalized\START\04372360875999326-START.npy,START
C:\ASL_Project\asl_training\features_normalized\GOOD\4843579408025589-GOOD.npy,GOOD
C:\ASL_Project\asl_training\features_normalized\WHERE\09379414966671162-WHERE.npy,WHERE
C:\ASL_Project\asl_training\features_normalized\LESS\44924622999479924-LESS.npy,LESS
C:\ASL_Project\asl_training\features_normalized\GOOD\7791424980867376-GOOD.npy,GOOD
C:\ASL_Project\asl_training\features_normalized\MORE\7267227999834953-MORE.npy,MORE
C:\ASL_Project\asl_training\features_normalized\YES\7199652013477922-YES.npy,YES
C:\ASL_Project\asl_training\features_normalized\LESS\5517947193894646-LESS.npy,LESS
C:\ASL_Project\asl_training\features_normalized\HELP\1512241224851143-HELP.npy,HELP
C:\ASL_Project\asl_training\features_normalized\NO\09714329486323847-NO.npy,NO
C:\ASL_Project\asl_training\features_normalized\WHEN\7219560821026212-WHEN.npy,WHEN
C:\ASL_Project\asl_training\features_normalized\LOVE\23909248218883028-LOVE.npy,LOVE
C:\ASL_Project\asl_training\features_normalized\HELLO\20675411351630046-HELLO.npy,HELLO
C:\ASL_Project\asl_training\features_normalized\THANK YOU\5932207271660643-THANK YOU.npy,THANK YOU
C:\ASL_Project\asl_training\features_normalized\SORRY\258135021561094-SORRY.npy,SORRY
C:\ASL_Project\asl_training\features_normalized\SORRY\8594289353554898-SORRY.npy,SORRY
C:\ASL_Project\asl_training\features_normalized\LOVE\499380155781485-LOVE.npy,LOVE
C:\ASL_Project\asl_training\features_normalized\LESS\775934637445302-LESS.npy,LESS
C:\ASL_Project\asl_training\features_normalized\THANK YOU\06476990357042611-THANK YOU.npy,THANK YOU
C:\ASL_Project\asl_training\features_normalized\LIKE\8940965995167087-LIKE.npy,LIKE
C:\ASL_Project\asl_training\features_normalized\LIKE\6630595446275149-LIKE.npy,LIKE
C:\ASL_Project\asl_training\features_normalized\UNDERSTAND\9717361996927067-UNDERSTAND.npy,UNDERSTAND
C:\ASL_Project\asl_training\features_normalized\GOOD\9756165063743225-GOOD.npy,GOOD
C:\ASL_Project\asl_training\features_normalized\HELLO\7597723277213178-HELLO.npy,HELLO
C:\ASL_Project\asl_training\features_normalized\YOU\7924736335453846-YOU.npy,YOU
C:\ASL_Project\asl_training\features_normalized\PLEASE\95072139344285-PLEASE.npy,PLEASE
C:\ASL_Project\asl_training\features_normalized\HELLO\9441415075906014-HELLO.npy,HELLO
